id,crpname_eg,lat,lon,VV_20231016,VV_20231109,VV_20231203,VV_20231227,VV_20240108,VV_20240120,VV_20240225,VV_20240308,VV_20240320,VV_20240401,VV_20240413,VV_20240425,VH_20231016,VH_20231109,VH_20231203,VH_20231227,VH_20240108,VH_20240120,VH_20240225,VH_20240308,VH_20240320,VH_20240401,VH_20240413,VH_20240425,NDVI_2023-10-15,NDVI_2023-11-16,NDVI_2023-12-02,NDVI_2023-12-18,NDVI_2024-01-03,NDVI_2024-01-19,NDVI_2024-02-04,NDVI_2024-02-20,NDVI_2024-03-07,NDVI_2024-03-23,NDVI_2024-04-08,NDVI_2024-04-24
1,water,23.455133268995898,75.44204089060945,-19.464464986283367,-23.506806977275257,-20.71991172446136,-23.73698638839599,-19.05383927107602,-16.65422742526303,-24.330152698214768,-21.29660303846688,-20.85201937421004,-21.37343267550408,-24.63671350837877,-31.07349057811157,-28.03581910820008,-25.9744515375473,-42.74808813704585,-48.30907584618648,-33.413468720459136,-29.45189251628335,-30.33800306324118,-24.90933063507356,-29.173112806192457,-34.53207700322869,-27.34743985567796,-48.30932686568559,-0.231788083910942,-0.3082549571990967,-0.3492537438869476,-0.0289511159062385,-0.0044916290789842,-0.4358974397182464,-0.5731092691421509,-0.3944790661334991,-0.3293680250644684,0.0553150549530983,-0.1548198610544204,-0.2935943007469177
2,water,23.45922761656601,75.44787737742585,-23.309981748458853,-25.73172008585568,-22.669719393406154,-22.938385694524467,-21.543342132908897,-30.29079166343547,-26.42123983826316,-22.7138960830082,-21.24722787001348,-21.606550790139195,-26.459682147522056,-22.024116954076728,-38.87801548261534,-30.13663863658816,-34.59185543971006,-27.65654542232937,-31.91865102914837,-30.326926412389167,-30.558426870390623,-32.62570999116556,-48.31177894912006,-26.9288337209288,-33.63702461256571,-48.31215196914514,-0.2413793057203292,-0.2718786597251892,-0.4054054021835327,-0.1312867403030395,0.0080910995602607,-0.4616321623325348,-0.4416776001453399,-0.4100974202156067,-0.2860246300697326,0.0516717322170734,-0.1490771472454071,-0.0962099134922027
3,water,23.45639308177028,75.44856402293367,-25.96817024898616,-21.572238386132483,-16.215875044848854,-23.91256674438447,-20.018047301359942,-21.57421363619523,-24.007697463079552,-26.36012887009035,-25.844401014538427,-20.48049014514262,-19.25683162982973,-18.78450132551465,-46.357176489163294,-29.823069344930204,-27.85170725720771,-31.11821058080208,-27.20389153606179,-25.852339903128204,-24.45156743424364,-31.786312040262047,-26.62437303334333,-33.59095115263947,-31.07568405208245,-31.082742735191115,-0.2419974356889724,-0.3271028101444244,-0.4859550595283508,-0.068445473909378,0.0006618133629672,-0.4600231647491455,-0.5227272510528564,-0.4100087881088257,-0.3287671208381653,0.0668536722660064,-0.1563706547021865,-0.2302309274673462
4,water,23.45607812970348,75.45337054148835,-22.30877531023193,-20.390793949991025,-26.719977955237763,-20.838059717798384,-20.224581167996035,-22.594739384163525,-23.794642104352693,-18.22248511930705,-15.390635695176943,-19.310735678097007,-16.19742546473929,-18.0570181284331,-25.27551602875676,-25.79772012396016,-28.306186623564788,-34.54637257125271,-24.66893025141539,-37.25048080408731,-34.20743815482764,-26.983744083244265,-30.29692582270385,-25.83427747880628,-26.02887035773925,-24.16328549699362,-0.2056737542152404,-0.2879708409309387,-0.3191489279270172,-0.0301475301384925,0.0093839252367615,-0.4157894849777221,-0.5711835622787476,-0.2651321291923523,-0.0103721776977181,0.1442006230354309,0.460737943649292,0.3423008918762207
5,water,23.45544822331628,75.4447874726407,-21.49942412850531,-25.04775110715127,-16.850749036689972,-24.44223493383451,-20.86995737474291,-22.21879250559917,-22.80287002399447,-22.094953545946872,-24.310594655553203,-21.805306853581907,-24.04547541643585,-22.282323716855814,-28.454403748651103,-30.076516812121746,-27.7086007084802,-40.374351880027454,-39.31914120514121,-26.12331287969336,-38.4065127354277,-32.38342199574837,-48.31050910032761,-33.69109124377094,-25.905158382730114,-32.02609385468163,-0.2731326520442962,-0.3362930119037628,-0.4788540303707123,-0.123430959880352,0.0010270455386489,-0.4720930159091949,-0.7292006611824036,-0.4306839108467102,-0.3645485043525696,0.0536398477852344,-0.161797747015953,-0.3148661255836487
6,water,23.454503358101576,75.44959399119539,-22.793417212937804,-21.24765722298799,-14.696076772441796,-26.229714869261585,-18.607644117172843,-19.410141785861857,-25.05179579933485,-27.71900237774522,-27.370749217944457,-37.694207257671046,-19.18767319990248,-14.091577947795903,-33.954180708995366,-31.076553654289576,-24.38193396507671,-30.50632562752068,-27.442332650639933,-26.067798139744525,-23.900426873308515,-31.143193363976387,-44.718934895255785,-48.31376679503742,-24.00043607427729,-19.657793758371533,-0.2378752827644348,-0.3238095343112945,-0.4362204670906067,0.0415623448789119,-0.0043446775525808,-0.4242424368858337,-0.4813829660415649,-0.3553173840045929,-0.2798690795898437,0.0411334559321403,0.3100649416446686,0.4894810616970062
7,water,23.49386701189612,75.69163653269929,-21.75533925477817,-21.10510619689442,-18.95861373610749,-30.13488749162581,-18.47830588438641,-19.13206154875076,-26.70942887463611,-26.03743258226786,-32.07290922761161,-26.346254434606102,-25.839370823171464,-21.96299000017723,-46.73249720173688,-45.42194048407495,-24.14415822516969,-29.86917249513329,-31.959442183508425,-30.90446049684805,-39.78559308643827,-26.98973977850333,-29.309505533864684,-25.015098796073865,-24.637639435531888,-30.702372282227124,-0.1203585118055343,-0.4451345801353454,-0.1358885020017624,-0.1158480048179626,-0.0293984618037939,-0.2459016442298889,-0.5263158082962036,-0.0998925864696502,-0.1754385977983474,0.0467289723455905,0.0018214936135336,-0.2076372355222702
8,water,23.49071835186805,75.68854662791414,-26.1635050002719,-24.04044147909172,-21.12457306431861,-23.19776074793615,-17.43941399878682,-24.198079422163254,-24.49382560493625,-24.731930106350987,-31.555102954527804,-22.793235992150404,-20.15297589366825,-38.51998112771816,-38.58991173291655,-33.99039066475593,-27.42192299724307,-39.7628876016555,-25.52846137185404,-29.796450590409265,-28.105643273929925,-26.6384834126724,-26.039931252613485,-26.790713495352723,-31.93730581296586,-27.61334218158484,-0.1253644376993179,-0.4566929042339325,-0.1651205867528915,-0.0630498528480529,-0.0012820513220503,-0.3320610821247101,-0.737827718257904,-0.1278375089168548,-0.1812577098608017,0.039700374007225,-0.0234252996742725,-0.3132154047489166
9,water,23.490403481728816,75.69060656443757,-22.01256097208239,-25.47433215176161,-14.344275171835644,-21.76454451068096,-19.48608081081803,-22.80615236787428,-24.878821329101868,-22.680233685276484,-20.54865797949126,-31.39065365000674,-17.77886300967821,-25.147966588105525,-28.57834652458828,-29.224333261839384,-33.894240552094544,-31.904095054681218,-25.07216178800682,-39.93020978952086,-22.921482389469688,-48.44910175830539,-48.449303514839386,-33.1412904645983,-48.44548361663051,-50.23900229453141,-0.1749999970197677,-0.5196506381034851,-0.19140625,-0.0276679843664169,0.0,-0.2977941036224365,-0.9145299196243286,-0.0954773873090744,-0.1767288744449615,0.0503858365118503,-0.0334572494029998,-0.3100616037845611
10,water,23.48914399365152,75.69129320994539,-23.51663404890216,-24.67510102759929,-16.00404855316186,-15.579226445642744,-18.9417787625065,-20.74068253771689,-22.656376785709863,-22.028257637281705,-23.95769633864556,-33.02461165248118,-22.830571667273325,-24.005169014347047,-32.99697276744218,-29.42048759199484,-24.49509844092329,-48.45001526513571,-28.445604347696776,-30.40984942178664,-33.62183756360834,-38.60984233242946,-24.8260266468971,-48.45034561218638,-29.98285641386356,-34.25056061781825,-0.083717867732048,-0.3038673996925354,-0.1075441390275955,-0.0091286310926079,0.0060277273878455,-0.1693290770053863,-0.4029850661754608,-0.0541176460683345,-0.141052633523941,0.0840085297822952,0.0042052143253386,-0.1751634031534195
11,water,23.48851424510075,75.69094988719148,-22.31506622372525,-15.97390690888002,-12.92603740606834,-7.576006281601384,-4.815571174269136,-6.754767340775102,-7.053582974352914,-5.9360009137787815,-5.784493705104323,-6.151585402324413,-6.447666433208873,-4.513713659249251,-23.39557569856272,-32.468614874196234,-23.77877763626016,-15.781750530622585,-13.415899450437934,-18.86618590746672,-20.564182518497827,-19.27922367467183,-16.679164359933434,-18.103291646270826,-17.474967749162744,-20.97453634456724,-0.0666666701436042,0.0,0.0,0.2136345654726028,0.25781911611557,0.2734749913215637,0.2669126689434051,0.2939330637454986,0.2765399813652038,0.1967094093561172,0.2392604649066925,0.1731160879135131
12,water,23.4538734442026,75.68305346385164,-34.27971479830108,-24.12543324387332,-19.14718661095685,-21.679828482572145,-14.304988342136577,-11.617328061904429,-11.135202032140054,-9.07278354964471,-8.762485527903777,-8.051484533774595,-8.397420165182503,-7.943812300875654,-48.42375980554091,-37.92625657361175,-29.084749250861776,-26.56370558841926,-24.242663324897112,-18.22820424012926,-16.521638597197644,-18.71442136297296,-18.476570814896927,-18.59619374596559,-21.486017876270203,-20.409809917245468,-0.1844660192728042,-0.2383900880813598,0.0117035107687115,-0.024911031126976,-0.0252476837486028,0.131672590970993,0.3325453102588653,0.4116891324520111,0.371536523103714,0.2364085614681244,0.3124374747276306,0.1879588812589645
13,water,23.45607812970348,75.68339678660554,-25.757338650490425,-26.26246106469964,-17.58683027886204,-19.19998723938415,-17.851276406779032,-20.018048519817725,-23.92435273604488,-21.592196582075623,-25.47072422453646,-21.853677834159058,-16.01023777133506,-27.865141890665583,-31.105300066477668,-34.87140478186338,-27.63460194069966,-25.40926773709472,-37.33486652907556,-27.398031771190645,-26.2130438544895,-25.092261488745883,-28.7416143742998,-33.80238594334224,-26.98446916929812,-38.79084833650418,-0.1345029175281524,-0.3872053921222687,-0.0231839250773191,-0.0722278729081153,-0.0178817063570022,-0.2047556191682815,-0.2920354008674621,-0.0709459483623504,-0.0862777307629585,0.0246153846383094,0.0839694663882255,-0.0858143642544746
14,water,23.453243527299016,75.68339678660554,-21.729095237689044,-12.357893671723843,-7.728438101063617,-9.883270664142898,-11.691668879168054,-14.60951432929414,-12.863502672017278,-10.30291797127019,-12.055116912818368,-13.347261854438202,-8.63019440215768,-13.76504213870776,-36.33870390581049,-20.00218234706721,-15.028730738569866,-19.082405821711703,-19.134547255102635,-20.73124739172183,-21.82689716336037,-17.042133553672976,-15.64376085995769,-16.23137415946267,-19.51700999111721,-19.001654164277628,-0.1197916641831398,0.2009106427431106,0.2625175416469574,0.2883099019527435,0.4555555582046509,0.4986408948898315,0.3976970911026001,0.3865363597869873,0.3389876782894134,0.2172180116176605,0.2891368567943573,0.208939716219902
15,water,23.38399413494481,75.75518121167626,-9.248058682036476,-8.639033343059383,-11.468096430454503,-11.38606784334555,-12.70182407722742,-9.30661370396319,-8.143764990253693,-10.418270552979289,-9.735467533319191,-10.13488992197816,-9.45942866570246,-10.099509304193022,-18.28489400446757,-14.150421130179238,-21.95848434985273,-13.25656033682611,-16.995028637111563,-15.80697550880579,-17.351662087366368,-15.488578701587333,-16.1476926727469,-16.957956469658615,-17.184199249747326,-20.587205526034005,0.6230366230010986,0.7726141214370728,0.8814433217048645,0.8282017111778259,0.8668456673622131,0.88046795129776,0.5381839871406555,0.5318385362625122,0.4170354008674621,0.1770542562007904,0.423804223537445,0.368721455335617
16,water,23.386830221700944,75.76616753980126,-9.746811054971497,-9.67330907256806,-13.42878286259963,-15.46682967378626,-13.067315219973992,-16.420285321995827,-16.59356539991291,-10.523603750115951,-12.469082406524397,-12.560097902304385,-15.065372202915556,-15.828811448222265,-24.35410316880128,-19.546076566722377,-16.00899773739657,-18.966399609289187,-18.27504922473007,-16.56675155143386,-19.90291478203105,-19.19794362596468,-22.277881078616662,-28.700977550069865,-20.640100581525985,-23.724542050750813,0.1790356338024139,0.7692058086395264,0.9113621711730956,0.8787096738815308,0.9078880548477172,0.9409593939781188,0.4789374768733978,0.4009163677692413,0.224984586238861,0.1257294416427612,0.166559487581253,0.0915254205465316
17,water,23.386515103948167,75.76067437573876,-9.856611915691008,-10.383816272446133,-9.513756377512584,-10.56782251341006,-8.755405087336836,-7.494889625013172,-12.176971156996713,-13.998674548257208,-11.62802175585779,-14.25860180088614,-10.867234438482004,-14.274561647222598,-18.55111535551424,-27.081439327713603,-19.194398509705223,-15.188805492814478,-15.801370887607098,-15.454995426352376,-19.273338448929746,-19.50503865503996,-16.229571247876663,-19.49639501735448,-21.09958184599348,-17.089992988148794,0.1875,0.280342698097229,0.5235772132873535,0.7124537825584412,0.8146219253540039,0.8424603343009949,0.643040120601654,0.6218507289886475,0.3389141261577606,0.0886998772621154,0.2219626158475875,0.1745283007621765
18,rice,23.386515103948163,75.8499382917544,-8.551908655342883,-12.016638394426408,-11.43944686817674,-13.93210330862053,-10.47466248431273,-15.753009677506444,-13.577569717601856,-13.65842298612794,-13.486095955242003,-15.64599633723365,-10.929427301976435,-12.719163475377057,-22.538950038673484,-20.528922375056467,-14.47217586095525,-19.30507541688448,-18.903831222238107,-25.12520318912785,-18.049158364194405,-19.745582903036325,-22.245141298193083,-24.81361920721492,-24.06968858906376,-24.54912521796296,0.1751037389039993,0.8973592519760132,0.9299134612083436,0.9165568947792052,0.8626609444618225,0.9145408272743224,0.3075965046882629,0.2610441744327545,0.161309003829956,0.0961968675255775,0.1744548231363296,0.1109717860817909
19,rice,23.383048759202666,75.85714806958642,-11.748238661251891,-7.652232578485773,-8.891902372713162,-15.296176540388508,-12.003680160572348,-13.907214515840122,-16.049886746198343,-9.923951431276912,-9.286979321247262,-12.972862349820067,-9.231324612001956,-7.729511471456204,-17.36802355313399,-15.459655699466646,-20.0228722296536,-14.628948671117357,-20.6202721189985,-15.217280854310388,-18.84962469310526,-19.56401772643264,-16.98412408191039,-19.31531805446988,-17.39725829575024,-15.909488337139344,0.1730703860521316,0.7023018002510071,0.919028341770172,0.9149667024612428,0.902514100074768,0.9437052011489868,0.5422236919403076,0.4289940893650055,0.3024402260780334,-0.0039582583121955,0.2533724308013916,0.1093518063426017
20,rice,23.38746045495797,75.84753503247704,-8.174996406767125,-6.318824807086884,-8.625887782028315,-12.860438428779178,-7.845883222175583,-9.029290578609896,-7.948316578383387,-11.190028319003446,-12.15871991521553,-17.15368782581395,-9.051068309065446,-10.237448773789184,-15.549841511494504,-18.590432351709325,-18.591885071649344,-14.455207728843533,-17.866586819765867,-20.8504753215314,-22.65616987891081,-17.188851715581315,-21.71268810910409,-15.43622259601774,-16.43181812540526,-28.48798424761008,0.4237605333328247,0.8554455637931824,0.8305687308311462,0.7873632907867432,0.4850615262985229,0.4360770583152771,0.27173912525177,0.3428367674350738,0.2222925871610641,0.1283264309167862,0.2159876972436905,0.135632187128067
21,rice,23.38178824772144,75.84822167798485,-8.755335604507259,-8.524646155730622,-8.351474046556573,-6.941796855272858,-9.346681080091589,-8.78474725971799,-10.595469685859287,-7.084155792418047,-7.398249471025907,-5.898519868617972,-12.538140626719317,-8.75568060012844,-14.122614921808578,-16.161087968400274,-20.613371051211896,-18.18533974941319,-23.615977760767013,-19.437793022490485,-15.07361810433352,-21.34784883644252,-17.022482345991847,-19.99477670059551,-17.698730835110588,-16.82885555515487,0.4217616617679596,0.2439741343259811,0.2720542848110199,0.258770614862442,0.2592324316501617,0.2683846652507782,0.2161687165498733,0.2350061237812042,0.1992198377847671,0.1220010221004486,0.2287662774324417,0.1866537779569625
22,rice,23.38462438169242,75.85165490552392,-9.802629080618106,-7.931257755294316,-7.340592425794119,-13.197857373351082,-11.933080987390618,-13.463224896156962,-8.102451034175175,-7.995381936648563,-10.900884040013604,-10.23634093409212,-6.782330959440794,-10.27739587316707,-21.17809110411236,-19.072110055961502,-15.248943874813754,-20.94158986495588,-19.117747506875297,-18.227818553367705,-15.2063000002166,-15.86198567268071,-15.887755524694471,-16.29207347038676,-22.033818183279514,-15.599604029863528,0.1101573705673217,0.6175021529197693,0.803851842880249,0.7758255004882812,0.6998570561408997,0.6973493695259094,0.1954976320266723,0.1362984180450439,0.0993197262287139,0.044856920838356,0.0972663685679435,0.1006575599312782
23,rice,23.38367901044685,75.86264123364892,-8.286450993324749,-5.163867134464628,-1.2995684344300726,-5.02784614073038,0.2646091883223391,-5.4416416311495865,-3.999748689362932,-6.302757416227765,-1.902228302568523,-0.4879309190401684,-4.228751173761287,-1.1019187587739463,-15.792533826334594,-17.676287620010765,-16.250574029854036,-15.421043254749788,-12.681111488795802,-13.201710289479676,-12.30220697853966,-13.755577872204997,-14.604327747500449,-10.991809314584147,-19.941227489629256,-11.749769173055943,0.2168476432561874,0.2393632382154464,0.2081821113824844,0.2280701696872711,0.1483870893716812,0.2113064527511596,0.1286195218563079,0.1732750535011291,0.174809992313385,0.1142857149243354,0.1322701722383499,0.093644730746746
24,rice,23.38367901044685,75.85440148755517,-11.766585580049084,-9.095288059509706,-9.83705340812105,-16.035280297099252,-10.950728151039108,-15.98157176407599,-12.915172325526264,-10.340742883105648,-11.67673683801044,-14.167821737683184,-6.134440939421099,-10.272037452644952,-22.346965451606096,-21.61129958640742,-16.97313200198392,-19.24114359048932,-15.53941448246804,-19.314312148649183,-25.29495398622818,-23.304549898111915,-26.68401137703867,-23.98130736701049,-21.9524619917544,-16.233628427164536,0.1302549988031387,0.7574123740196228,0.8915412425994873,0.8849804401397705,0.7439024448394775,0.7572681307792664,0.268634021282196,0.2294647544622421,0.1860465109348297,0.0894107967615127,0.1673728823661804,0.1069241613149643
25,rice,23.39344752136181,75.86058129712548,-7.20596335998644,-13.49807983140538,-11.490222805637044,-13.17564390074368,-10.31279713588763,-11.643943866291144,-13.803843627394675,-13.07590716940046,-15.767232400729272,-17.914643415106422,-8.203268526497148,-11.063569437416527,-21.086421399441804,-23.374121125587774,-16.1441294028722,-18.128763934575897,-15.549633346674376,-20.17508619732814,-20.53404077540105,-24.74825192225932,-25.573015303745137,-23.82038611380156,-15.469031742215256,-20.68644213985315,0.2046783566474914,0.6555514931678772,0.8700512051582336,0.8804477453231812,0.8422273993492126,0.901064932346344,0.3604651093482971,0.2734741866588592,0.177142858505249,0.1185011714696884,0.2242424190044403,0.1217326372861862
26,rice,23.394392822898475,75.8564614240786,-9.16991797120347,-9.719703861660395,-8.916170194650412,-14.285641023138446,-12.111653077819376,-11.008180527749492,-11.025444990727454,-12.763832624081386,-12.983430711681372,-18.17529293298813,-14.51148366564854,-11.78456670879334,-16.39602895623503,-14.974130300448367,-16.07771156575361,-16.483151917395375,-18.27797653705675,-19.17139962250801,-23.40864242591102,-18.35875413784042,-23.2951798926715,-19.61734869285561,-21.238978955885447,-19.92745682073297,0.5767727494239807,0.5023148059844971,0.749382734298706,0.6416916251182556,0.5718157291412354,0.5661929845809937,0.4739501178264618,0.3867141306400299,0.2657381594181061,0.0450614467263221,0.2684283852577209,0.1638264060020446
27,rice,23.394077723135936,75.85955132886376,-11.993422858225165,-6.018949737485329,-14.607879826896736,-12.189860320974766,-12.41250493893492,-14.863753366680196,-11.134333488428387,-15.241328786681134,-11.20709122300501,-12.368203497509832,-7.686847207546313,-9.963121578824984,-18.656747505434907,-15.787119206793678,-14.596328226273696,-17.56675356949293,-18.104800389601778,-21.872692746523388,-17.22271693377737,-20.9677011945592,-36.51958135448078,-21.20196562918148,-24.248791780777378,-19.41379721019433,0.2238033562898636,0.902931272983551,0.9035586714744568,0.908869743347168,0.8485045433044434,0.890586793422699,0.4463350772857666,0.3306170105934143,0.1956087797880172,0.0838852077722549,0.2417218536138534,0.051378808915615
28,rice,23.39596831046568,75.85268487378563,-4.78137535239444,-13.208117635267053,-12.331888963742784,-11.0240999898787,-8.11567800312227,-15.431005120277552,-13.269771685201766,-12.757774065012322,-18.48559927126889,-10.450033726751595,-16.151086141105818,-14.597692091062369,-13.44848987882708,-18.59916036366704,-19.227004635855195,-12.079830429214535,-15.379743686644233,-23.493654018278427,-21.59788179310945,-20.68838296155977,-19.58472356079052,-25.374123325150112,-20.340135615092457,-18.019188382076724,0.1385853886604309,0.8528078198432922,0.7072641849517822,0.6174079179763794,0.2980281710624695,0.2923238575458526,0.1854379922151565,0.1773298233747482,0.1642458140850067,0.2131661474704742,0.1764705926179886,0.0790067687630653
29,rice,23.392502213078146,75.85714806958642,-9.30786944717106,-9.144079798067953,-9.711360034154064,-9.230151239772429,-10.248874422513529,-14.212876624546045,-14.242513883667678,-10.957595010713968,-12.834700380206636,-10.95993494698684,-13.420578484234031,-13.558059436297436,-19.111557398984253,-17.99307858323893,-14.667393013737763,-15.885463311322724,-13.58794656760735,-15.041676304553189,-19.33577368873189,-20.4983116969284,-22.775299510178225,-21.37015463335448,-27.015036178943955,-21.66113081599524,0.2914714217185974,0.7672781944274902,0.8719689846038818,0.8491837382316589,0.7469387650489807,0.7614297866821289,0.3868421018123626,0.2729199826717376,0.1773444712162017,0.0819411277770996,0.2000000029802322,0.1354838758707046
30,rice,23.392502213078146,75.8671044294497,-6.6998942731980495,-7.270561985883452,-10.9183867504694,-13.051056762801128,-14.811709857138144,-11.478841455786572,-12.75256577786665,-14.69961114660995,-11.184501900468335,-13.664798360630916,-9.322651692161443,-11.45779297595852,-16.560787078085077,-18.74370556062025,-15.721093573422497,-16.0297793234087,-22.33968327282565,-15.117454102751251,-20.50077568518844,-31.963155418057173,-21.93874264399488,-20.000033668068053,-16.694628064053266,-19.97779985577992,0.238300159573555,0.8747345805168152,0.9177462458610536,0.8875413537025452,0.8784560561180115,0.903934895992279,0.4260391294956207,0.3145050704479217,0.1817741096019745,0.190476194024086,0.1340659409761428,0.1162790730595588
31,rice,23.38399413494481,75.86264123364892,11.009446006658,10.2373323372027,10.269067237073628,9.457692363129844,10.091180613620152,10.341079557182857,9.789998737266918,9.905351296124996,9.133294920484284,10.384831676213135,8.403425099388338,9.939369637157943,-15.42570671888641,-18.909831777619125,-16.59024564405166,-16.48385817631265,-13.87497298114118,-18.094886578029467,-14.973333940514484,-15.46878580961009,-13.336933761853222,-16.02386691554454,-13.224528279134798,-14.038184054225516,0.5333031415939331,0.3839759826660156,0.4934242665767669,0.4400785863399505,0.4504132270812988,0.4963108599185943,0.375545859336853,0.3767298758029938,0.3873105943202972,0.1881693005561828,0.4692737460136413,0.3423385322093963
32,rice,23.4010097447216,76.01095666333642,-8.998910057368034,-10.335364853882083,-7.676386633516073,-9.081414396391004,-8.443891492070364,-8.264068582641773,-10.98464503442516,-8.960911543791907,-10.456319445052078,-10.89547316755076,-14.23214442228286,-8.567071587501905,-21.08352758336182,-15.334351522523022,-14.04176465663565,-14.047796008448367,-16.512416923262958,-11.820770100785614,-25.437891515349925,-17.550160388506512,-22.476463614736566,-19.311415598746265,-21.59420487044124,-17.966481541316817,0.2215132117271423,0.8539880514144897,0.853435754776001,0.8272099494934082,0.8247175812721252,0.7715548872947693,0.2196721285581588,0.2280701696872711,0.2011095732450485,0.1782945692539215,0.2414369285106659,0.1799729317426681
33,rice,23.40132482798917,76.04116906568017,-10.011783343835814,-9.552637814677151,-12.618064347596096,-14.90614903206786,-15.44817674740604,-16.983308988744483,-12.628665914169604,-12.88429798547589,-12.244091337271934,-13.10623446881212,-10.635909337561175,-12.013635062202912,-17.258523118550567,-14.633019295170705,-19.25252640029862,-17.74726992964387,-19.010990985812747,-20.356854867550464,-19.21671092817122,-18.13647795562008,-19.446415763479614,-30.655216403069563,-24.63561459375736,-19.27623949268024,0.7013274431228638,0.5563218593597412,0.5574613809585571,0.4996938109397888,0.457602858543396,0.4760405719280243,0.3489187657833099,0.3485113978385925,0.3405099213123321,0.2788296043872833,0.3249126672744751,0.2938196659088135
34,rice,23.38241850496085,76.02949609204735,-8.485334776450225,-5.544677326455652,-7.134651130749129,-7.166601088183588,-3.606641430774389,-8.440479132124622,-9.731703073683809,-11.527552241260038,-12.492971353222412,-10.38332638671342,-12.720861058686658,-10.111642228346144,-21.1934989488064,-15.886236241240049,-13.13996932322129,-13.764102866421444,-13.295244331031686,-12.586478613156547,-16.418812934633554,-19.408938938251424,-21.59108324466675,-16.711790640476615,-20.62559654918782,-20.224838013940406,0.3253205120563507,0.7699293494224548,0.8826947808265686,0.865608274936676,0.8785596489906311,0.8540687561035156,0.3294031023979187,0.2830449938774109,0.2369185984134674,0.2052401751279831,0.2885032594203949,0.2709832191467285
35,rice,23.38430925869332,75.96357812329735,-7.175115650631581,-14.380448102373723,-9.06609871605886,-9.742110309404366,-9.316236630641187,-12.926836267273764,-6.230263050896333,-7.873531558828155,-8.732900346688629,-11.01973969358152,-10.415177647528129,-10.469217799301738,-14.823573024534614,-15.235081049945084,-16.116459003293745,-14.82182256568916,-17.248050745887337,-14.757600344956607,-16.238752190412892,-13.23759773085004,-18.215204461208803,-17.361101817876573,-31.24118269247192,-19.936112524791124,0.4334975481033325,0.2545697689056396,0.4041811823844909,0.511343777179718,0.479092001914978,0.5616012215614319,0.5901328325271606,0.6042780876159668,0.485807865858078,0.5147001147270203,0.6371014714241028,0.1588310003280639
36,rice,23.3877755704622,76.01988305493798,-9.124579957538325,-9.461923297846628,-7.430649020628589,-9.38316312733553,-10.382730186208814,-13.020330955037192,-9.049970975048476,-10.313474933243832,-10.4314593282544,-9.961686063450582,-11.14006942607558,-12.007129137031669,-14.740804321990884,-12.49594873150604,-15.452910623658957,-16.80424294372177,-14.586390316924373,-16.352412681728026,-13.4559264309119,-17.961061027498825,-13.83426724592433,-14.062835063210958,-17.331035227995432,-17.110565319241154,0.6121919751167297,0.626423716545105,0.643669068813324,0.587649405002594,0.5577663779258728,0.5456628203392029,0.490660011768341,0.5968379378318787,0.5188179612159729,0.426075279712677,0.489123672246933,0.3911965191364288
37,rice,23.40227007329273,75.99482049390282,-18.25485692787768,-17.08752012162447,-15.316316711162424,-10.011765174465296,-7.867450715873842,-8.3813332231663,-11.443254975333463,-10.733500456880884,-12.70807092874129,-11.379475479889091,-11.687790856120069,-14.890816301049565,-37.02861094520264,-26.95884563227425,-22.9158984259902,-21.198093288860747,-27.68387912031384,-24.40886245579017,-16.78896124904902,-22.305732824309203,-17.89076714348559,-20.732197596480432,-21.28112175638406,-17.74087435944394,-0.1614654064178466,-0.1537290662527084,0.0649666041135788,0.0744125321507453,0.1455487459897995,0.1243781074881553,0.0944785252213478,0.1111984252929687,0.0701298713684082,0.0855635106563568,0.0611677467823028,0.0193905811756849
38,rice,23.363824656555305,75.99859704419579,-10.272380923985724,-10.339813773851422,-6.9041615874648254,-12.390136289672444,-12.795226141548984,-10.29005964869083,-16.27738393100357,-10.386859679340027,-8.767196326950966,-12.283367909118558,-10.00097368040912,-14.516422251194916,-15.21412473942096,-16.65281167088128,-12.701883752582862,-15.174762020536567,-17.9552991891647,-15.652876169018777,-14.64779569749539,-16.9897559574117,-18.62790566884013,-14.608629676681756,-17.810819534171173,-19.161109681374707,0.4938875436782837,0.8179829120635986,0.696300745010376,0.7700117826461792,0.8216010332107544,0.8523297309875488,0.6942148804664612,0.7587509155273438,0.7856789827346802,0.5645959377288818,0.3434873819351196,0.2887995839118957
39,rice,23.374855220265367,76.00649346753563,-11.131654577094356,-8.691172994105749,-7.168094711077955,-8.875109502442145,-9.021051596961623,-16.018497769626954,-14.901944363554012,-7.760956515328257,-10.59309141941821,-13.694016555039932,-16.733967890435036,-16.46957823282754,-19.179891268224832,-15.358451040777778,-15.172612616218936,-16.14077629233952,-15.894200343488084,-21.761218880898703,-21.120375656196085,-20.91132441504477,-21.71072354445628,-18.493149356315843,-38.58083519585412,-19.99940031205552,0.1651282012462616,0.8865247964859009,0.8652759790420532,0.8233658075332642,0.322905033826828,0.305247038602829,0.5279421210289001,0.7394750118255615,0.7446998357772827,0.5722160935401917,0.1856400519609451,0.1618942767381668
40,rice,23.382733632456468,75.98726739331688,-7.981369493665889,-9.519395042993036,-9.249592691289386,-6.329279817281623,-9.05610712216278,-10.72709114645222,-11.983545290980048,-10.359747962434067,-8.932375821420116,-10.266173349799557,-10.195884394716291,-9.122055470668402,-17.148250545881066,-22.20632730756651,-18.038622309746653,-16.01762947904823,-15.384428668221595,-16.50459742958491,-18.629977541696206,-18.65890298424513,-21.208646963951928,-19.58944038826231,-22.230992052356623,-15.716086388644918,0.1633298248052597,0.8186413645744324,0.8855764269828796,0.8878408670425415,0.9109631776809692,0.8796718120574951,0.4030571281909942,0.2836065590381622,0.1710963398218155,0.1155339777469635,0.1543624103069305,0.1367521435022354
41,rice,23.389666247747265,76.08614434644188,-8.550361712929874,-11.820146165575077,-12.138127916379457,-11.097002434714778,-12.819835526621864,-8.496868322202012,-9.946775814482956,-11.383742601587334,-9.841870900038504,-9.099007751894204,-7.558761066137122,-9.867422372363515,-17.38014660430236,-19.61232364891694,-13.177806098626574,-18.668107942655368,-14.922889914485328,-21.275093737081683,-22.22497390367805,-29.687624659858088,-22.13848686712631,-16.461872315295366,-18.53950858282355,-21.283204246270188,0.4735431969165802,0.7840518951416016,0.7639411687850952,0.7736111283302307,0.7046688199043274,0.6277444958686829,0.2723492681980133,0.2327402085065841,0.248554915189743,0.1273972541093826,0.4566473960876465,0.2294654548168182
42,rice,23.412037212869425,76.09575738355126,-7.760983180875418,-11.83935253691734,-11.341310443858989,-11.546779174101436,-11.921954170330222,-15.479498629208264,-10.418813570198322,-9.734872976045173,-11.944544725734826,-14.243471427986488,-8.53275700410127,-9.43742865565713,-26.540260791604588,-26.830149954234543,-15.591481384634978,-15.641104889085112,-17.99722864143307,-21.63913495530902,-21.95438425422256,-18.111508511186628,-18.65300208924448,-18.21461185318091,-20.700920147328887,-17.412768083181007,0.2481389641761779,0.754056990146637,0.739617109298706,0.7381284832954407,0.6590909361839294,0.543899655342102,0.2717351615428924,0.2985971868038177,0.2530904412269592,0.2107279747724533,0.2837837934494018,0.2399999946355819
43,rice,23.4038454671342,76.07550134107079,-14.702950588790197,-11.976684837187454,-14.861982676079036,-12.468852454595932,-13.20684279012621,-12.56586333028459,-13.699119343449455,-13.52753850848831,-14.326391096842478,-10.925675522202283,-15.394936561779836,-15.18207737567259,-19.350461981907184,-23.24093573906829,-20.68071901993989,-16.888065486538512,-21.0033999427804,-16.99373861079707,-19.405150045812768,-19.081194154031223,-23.176356473304487,-24.14242930257513,-17.686346410354773,-18.848091541490533,0.2153846174478531,0.8452044129371643,0.8886132836341858,0.8977088928222656,0.8807843327522278,0.8384615182876587,0.3406442701816559,0.2754158973693847,0.1956009417772293,0.1401247382164001,0.2126144468784332,0.1636883467435836
44,rice,23.41518774929128,76.07206811353173,-10.171075399995452,-17.056551709632924,-13.214662650454482,-16.747040397912603,-12.299237764997455,-11.40281658008284,-12.962511339067335,-19.088968644933377,-14.77499105028078,-15.09948311269007,-13.399686289876554,-15.745466228511171,-20.255699549165303,-19.5754006126693,-17.121454294152137,-20.16797152008995,-16.767369359986407,-20.840431232267,-24.52857652048329,-29.59885800095682,-24.330475822560512,-26.98318166949637,-26.47567700927809,-34.66861367673808,0.1902912557125091,0.9162710309028624,0.8961437344551086,0.8857517838478088,0.8538078665733337,0.8175775408744812,0.3153266310691833,0.2159838080406189,0.1767642349004745,0.1428571492433548,0.1434820592403412,0.1394422352313995
45,rice,23.41298238167262,76.05455865308251,-7.295312913197743,-9.943674880691592,-8.522120115996636,-12.521746879129294,-11.617449214576784,-13.348834649522423,-12.776654281897192,-14.369031609450094,-10.593751712256532,-9.948702351954164,-11.817494948778434,-10.534329673766788,-19.32872344870957,-21.71271510931248,-19.56727122514939,-17.971622826345126,-14.76226709798382,-17.94661023881724,-17.31757113150101,-23.099611493584064,-29.33681183255232,-23.842103190691816,-26.31812625521917,-27.55981603008153,0.2358104139566421,0.5230125784873962,0.8082191944122314,0.7687809467315674,0.737520158290863,0.7926440834999084,0.2340425550937652,0.2732191085815429,0.241197183728218,0.1160431206226348,0.2945562899112701,0.2456479668617248
46,rice,23.39596831046568,76.05318536206688,-8.804731647635487,-11.284938704905482,-9.770640013087238,-13.16477962326357,-8.195783924268703,-15.88089755078208,-13.465088887063114,-13.429607788538968,-12.619203861299503,-14.189929440748363,-7.395724437227917,-9.715802402834404,-20.044039489730643,-28.236299121287352,-17.688729346036858,-15.782352678431856,-16.737578383123378,-19.01863037828055,-20.914058770018062,-17.629212915468283,-16.318856345503583,-20.234133444326776,-16.100691486983123,-23.881769768144707,0.2827172875404358,0.846325159072876,0.7724798917770386,0.815560519695282,0.8710821866989136,0.8574374318122864,0.6615208983421326,0.7197898626327515,0.7960441708564758,0.5224435329437256,0.6908212304115295,0.6314960718154907
47,rice,23.402585153560803,76.05902184888329,-6.201457365632532,-6.944880431957074,-8.76757637425986,-8.60626182247027,-7.927899879237659,-10.671279040533006,-9.729813553175854,-6.938804051431543,-5.642172717412482,-5.53457518151109,-9.174754954535068,-7.083063663342567,-16.357986343175416,-16.105668949602265,-12.561004637699432,-17.06295168319523,-16.458233653855935,-12.311137837079755,-18.483238565591783,-13.211310283690082,-16.72614947457012,-15.10638558904219,-12.483441787532612,-13.033389643565531,0.5772727131843567,0.5172995924949646,0.4906924664974212,0.4708753526210785,0.4419134259223938,0.4299516975879669,0.3941908776760101,0.395180732011795,0.3637374937534332,0.3534100949764251,0.3658406734466553,0.3570608496665954
48,rice,23.37485522026537,76.08339776441063,-11.216124161084286,-8.351927881974355,-9.3726758899272,-13.207804730253226,-8.67394631700003,-13.961890907108348,-11.515099400989827,-11.915606178352816,-10.86263721532412,-9.924320596047297,-10.842373079508958,-13.328267579522157,-20.723118121219205,-19.335637278313776,-18.21718559243645,-17.273470597509608,-16.685823226667956,-18.031013694492728,-18.8177474136634,-20.83859887456873,-20.65861801223561,-19.376689309506272,-18.87333709590997,-22.66741827280137,0.2249999940395355,0.5374149680137634,0.6146153807640076,0.6527643203735352,0.7175185084342957,0.6730543375015259,0.2320675104856491,0.2175469994544983,0.1641086190938949,0.1718388199806213,0.239592969417572,0.1548974961042404
49,rice,23.365085338848264,76.06108178540673,-7.961483532788456,-9.85116767162641,-6.488216195626889,-11.597324651671562,-14.707987053908544,-17.97318592902207,-16.037481144799163,-13.267495247375686,-14.389255342541444,-14.78754776573992,-13.958629121270183,-7.765440559846341,-18.82942319023816,-16.378978923661276,-13.215892635964847,-14.979142683909547,-19.001840903405903,-21.59983191273163,-18.429567634595944,-19.954934281558817,-25.12214483368893,-35.989143638559945,-30.2988727228204,-18.742195717663872,0.2405063360929489,0.9352153539657592,0.904975175857544,0.9092084169387816,0.9205909371376038,0.8913857936859131,0.3325513303279876,0.2490421384572982,0.1599999964237213,0.1258366852998733,0.2059158086776733,0.1864009350538253
50,rice,23.38021259150893,76.05043878003563,-9.229641765887246,-9.491345442514314,-7.685903975164709,-8.996254417541124,-16.36595944396306,-11.436223522564488,-13.483090624196745,-13.19094462389018,-15.299136081899595,-9.403221866478106,-8.475791327533178,-9.881847442062051,-18.54747929687643,-19.87215822276325,-15.892667807795606,-20.8845982195378,-18.176302230398555,-20.212329005096528,-21.72841682925208,-22.02234270890153,-30.288290230802872,-18.90609374275964,-16.899648237880747,-17.81883832138365,0.1218836531043052,0.8113207817077637,0.8875242471694946,0.9019160866737366,0.8908844590187073,0.8665777444839478,0.3855349719524383,0.3003886640071869,0.1833822876214981,0.1481608748435974,0.2739130556583404,0.1430526971817016
51,rice,23.36130325602084,76.10502709790673,-10.38275633673755,-11.540345817703518,-6.95842418846394,-11.320436739908144,-11.73299930451316,-13.953308006631854,-11.099931819744937,-10.226727725488502,-14.46996862854835,-12.5645566738513,-11.426461758521697,-12.59525458698512,-21.15244889103729,-21.992154938818977,-20.688789620531512,-21.410601157869216,-16.40574969000347,-17.951331314260884,-18.18501297605577,-20.582437129075004,-21.464030373735685,-20.693868955054548,-20.79788349920064,-18.95275042589501,0.1776315718889236,0.306004136800766,0.4571305513381958,0.3612463474273681,0.3074968159198761,0.2729468643665313,0.1699905097484588,0.1638242900371551,0.1552138328552246,0.1146025881171226,0.1454730480909347,0.1314072757959365
52,rice,23.355629929587423,76.0487221662661,-9.34736957554562,-3.454027088612292,-9.143284913157856,-9.52853904564607,-13.111275836130895,-11.07282953501942,-11.44299513329348,-10.30370735304458,-10.31565232080749,-10.33387357457888,-7.606027658699327,-10.137465148917975,-20.5254147024705,-18.67257100626887,-18.76807420127972,-17.03746911485507,-17.826950415783212,-18.85352874475512,-20.853484222154613,-17.82633835654044,-20.47253018558646,-24.066164330339937,-22.87870878069591,-19.10501468633003,0.3410583138465881,0.8093437552452087,0.869835615158081,0.8728448152542114,0.8525158762931824,0.8655509352684021,0.435143768787384,0.3725247383117676,0.2655913829803467,0.1833404898643493,0.2377210259437561,0.2441121488809585
53,rice,23.334825657512805,76.02262963696923,-6.934923676346693,-6.3470621578145,-6.462723506679508,-10.39032079968128,-6.9378613695208085,-10.381498109382758,-8.943582309030717,-10.195922984260466,-12.511082929638526,-9.133202882134407,-11.49517267634846,-12.990605270771686,-21.6535299862079,-19.352270985415863,-17.769225265837797,-15.32119291686762,-13.87327384165033,-16.114904209327612,-24.29452013566561,-26.39122149098722,-25.74584140419354,-19.777716199426926,-17.271532342471776,-24.75765350753222,0.2479726821184158,0.4546868801116943,0.6408544778823853,0.682123064994812,0.6030375957489014,0.6492182016372681,0.2706872224807739,0.2512178122997284,0.2554695308208465,0.2015461027622223,0.2683100998401642,0.1949367076158523
54,rice,23.372018877241217,76.03018273755517,-8.132023369362505,-6.421859991533935,-7.24545570571383,-9.58095752993794,-12.259030041271725,-10.03964478865795,-8.778028030066247,-10.263732480531528,-10.764763456650112,-10.043375825841771,-11.91799741422308,-9.136802948541014,-16.439541052489496,-18.0412447818802,-14.051180994437026,-13.772818951258587,-15.218951781450825,-15.025657203648738,-14.991439102877427,-15.381832756246414,-22.56354365776899,-18.194201292789533,-21.98646851196916,-25.520541665734008,0.1951329410076141,0.4880772829055786,0.7015629410743713,0.7323866486549377,0.7008460164070129,0.7412095665931702,0.5611814260482788,0.5392473340034485,0.4291262030601501,0.156084656715393,0.1573165953159332,0.1401515156030655
55,rice,23.390296467512453,76.04528893872704,-11.612532099019626,-7.022920302924627,-10.651821403840884,-12.12488602490735,-12.4988133887174,-15.084206073459992,-9.353734066870086,-14.045852118959566,-13.584326676407766,-14.505032537693925,-11.094024238829064,-13.59200193014816,-16.45269576747351,-17.992734112951297,-15.86783874289532,-22.27512718191885,-19.137507243310232,-21.00242621752244,-16.296858400660877,-18.99830739962869,-20.644154380153484,-24.558886374110507,-19.87174469187132,-21.36586493886467,0.3598382771015167,0.5663136839866638,0.7833837866783142,0.8875460028648376,0.92766273021698,0.931360960006714,0.7368962168693542,0.7497348785400391,0.566925048828125,0.2005456984043121,0.1879010051488876,0.262647271156311
56,rice,23.39659850024453,76.03258599683251,-9.451882337888446,-11.823712858309266,-7.330764924072585,-6.787806669076257,-7.59549409884758,-8.551981449845286,-8.040389200806336,-11.82066430104368,-10.703245318089438,-8.441650641877898,-11.924067695784151,-10.14815363953145,-15.729526372092757,-15.478905619233776,-14.32821708660846,-14.55812709819054,-13.835581010464592,-14.820454712753236,-18.0948284112453,-15.072653718963604,-13.014726382475278,-12.08222708706893,-14.9900341345878,-15.155437276722578,0.568965494632721,0.7916266918182373,0.7919633984565735,0.8129496574401855,0.8014265298843384,0.7936072945594788,0.4099066853523254,0.4815894961357116,0.4053865075111389,0.4635904729366302,0.6334494948387146,0.6138361096382141
57,rice,23.405105768708825,76.05112542554345,-11.982133926210976,-11.9285399698764,-12.90036246226282,-13.64738081989585,-10.14376457740015,-16.3033487394893,-11.77882903154053,-9.870240054504515,-11.929275537706514,-11.72473269114394,-9.58419831477848,-9.196868121754044,-16.499665627819052,-20.98562858503196,-20.50779231920968,-19.207258335369488,-16.13685308652331,-21.46455140677551,-16.937028618891624,-22.061236349934536,-29.228975271879616,-31.76023849136662,-15.225754288472196,-22.91462462502568,0.2564664483070373,0.8983050584793091,0.888529896736145,0.8960801959037781,0.8991708159446716,0.8508474826812744,0.3780564367771148,0.3064419031143188,0.2146204262971878,0.1569892466068267,0.2186093032360077,0.2236842066049575
58,rice,23.402585153560807,76.07309808179345,-9.486382945327067,-11.190691417232594,-7.828575145188578,-10.80503544939958,-10.086259420079466,-12.299035036671311,-14.66674998344933,-17.94022107957342,-14.838954712280795,-11.919209885870965,-10.894595203132804,-8.900785439548486,-17.156185218779186,-22.77902507602657,-16.160984363631105,-23.32524604624973,-17.0405863687284,-19.05972511975623,-15.220878503067862,-20.55690642658491,-36.46490279400184,-18.827727625704217,-18.144395920040367,-22.020047190944485,0.2804878056049347,0.5508532524108887,0.786029577255249,0.835082471370697,0.8258575201034546,0.8032370805740356,0.4580246806144714,0.3640967905521393,0.2111999988555908,0.1703317165374755,0.2648736834526062,0.1952902972698211
59,rice,23.41046191652838,76.06211175366845,-10.27547821575077,-9.013076727483504,-8.048582410149688,-6.800645243882984,-9.634690150260536,-9.129899217331936,-11.568687462052196,-15.750026418449114,-13.413208198168046,-9.295219657086696,-8.86533874695129,-8.169079045271511,-18.50658035826069,-20.07668322788912,-14.6739263271576,-12.928171521892224,-14.355535386215363,-14.640349171114416,-17.926058629402583,-25.62327436846566,-17.90366246535474,-19.047714510815204,-22.13694380106771,-22.559438683327727,0.1942307651042938,0.5377388000488281,0.6909916996955872,0.7519710063934326,0.7801436185836792,0.8041013479232788,0.3402853906154632,0.2524934411048889,0.1813643872737884,0.1278507262468338,0.2334024906158447,0.1625766903162002
60,rice,23.39880414085312,76.06348504468407,-7.429461903690536,-7.38230369798363,-6.57318009792014,-14.469456048033294,-7.299812416385234,-8.392988625188266,-10.364572431925552,-10.085188818980704,-10.87758473093342,-13.40686914776054,-11.001826601064224,-8.702343992485229,-18.67557089610857,-14.721224415766171,-17.241094167069026,-14.774284777238272,-20.8658976540301,-14.389296236564642,-19.040036153782832,-16.530511261475596,-17.74075270826794,-17.052078153800835,-19.273833227997468,-15.071311168311407,0.7398812770843506,0.654144287109375,0.6586599349975586,0.6556042432785034,0.6624605655670166,0.5911251902580261,0.4064427614212036,0.4244514107704162,0.4168157279491424,0.3397849500179291,0.4171428680419922,0.4102325439453125
61,rice,23.39628340572997,76.05833520337548,-12.344395782639436,-12.087111228118395,-6.609206521433234,-12.876059890859462,-12.62732274849948,-11.667543670803846,-15.435125043120308,-10.981174194183062,-10.889386338839362,-10.99246925826758,-11.01170080202063,-10.08176723977423,-21.82876678952631,-17.24637867435241,-18.79237390927796,-18.31675904031136,-18.088582755737463,-18.85426095113418,-19.49756252934207,-22.139236100330617,-20.2696854728818,-20.364811297441747,-20.57145559654684,-19.13406875455972,0.2015873044729232,0.6300366520881653,0.8497316837310791,0.8683702945709229,0.8518518805503845,0.7933692932128906,0.2965686321258545,0.2472622543573379,0.1936459839344024,0.1705033183097839,0.1488000005483627,0.1305418759584427
62,rice,23.38556974619292,76.05490197583642,-8.590169697547303,-12.904836786406635,-9.086601831285352,-13.05600109366342,-9.065881858541854,-9.146253456472644,-12.459570853983484,-9.925609898164536,-14.189329581242662,-15.079093689913355,-11.489116153437656,-11.363694604756825,-20.54478217604224,-22.19767560616615,-17.226495851213734,-13.153287306558942,-10.957489725066436,-18.91542943024787,-18.42203577915006,-15.842110679715816,-21.672794118424875,-23.6304190451918,-24.93501614916708,-25.394368641985345,0.1403726637363433,0.3329848349094391,0.700421929359436,0.6601148843765259,0.6224299073219299,0.6071829199790955,0.4018205404281616,0.4220532178878784,0.3063170313835144,0.1533824503421783,0.2034883648157119,0.2146422564983368
63,rice,23.39533811768794,76.07103814527001,-12.626244782994112,-10.8302004406399,-13.294891227463426,-10.690984719697706,-11.176458342228257,-17.83319658389035,-11.418299575851972,-14.601015652567018,-11.4282318055912,-12.534358984524836,-12.093999142481156,-10.33201255291718,-19.425291837621227,-18.20864201873849,-18.467047550140933,-21.99197705524893,-16.133865927268364,-23.1827558704645,-21.48987218706399,-24.971013201251875,-21.58064472146046,-22.3124594876534,-21.83591785327102,-27.65204225925728,0.5853455662727356,0.5438233017921448,0.6352067589759827,0.6348993182182312,0.6274510025978088,0.6210350394248962,0.3541297316551208,0.3482517600059509,0.3159722089767456,0.21391561627388,0.3470405042171478,0.2332268357276916
64,rice,23.389666247747265,76.07584466382471,-11.633064372461098,-9.3298670516414,-11.73588606181864,-12.696434977169869,-14.01731381366078,-16.044365299830723,-10.457125347130129,-8.563481598551206,-11.363551094902514,-7.471767120038701,-8.85336337080733,-11.31656739229739,-22.95116035279593,-18.7321190228036,-20.948564655994502,-18.889237747190425,-17.85267294161016,-26.95233898746435,-22.756475680413,-26.313729422856973,-20.27533832990141,-17.30083078311729,-19.01242099946513,-20.271754806786216,0.2200303524732589,0.4139626324176788,0.692307710647583,0.7484197020530701,0.7888748645782471,0.7871933579444885,0.2136681824922561,0.1961414813995361,0.2284644246101379,0.1782407462596893,0.4538461565971374,0.1414496898651123
65,rice,23.390926684279297,76.06794824048485,-12.041363687829964,-11.580873699966748,-9.14875827295054,-11.567479397719696,-12.746211101579306,-13.260489017207316,-13.751813669531307,-16.705235821351515,-13.751418738346876,-13.448446212057156,-10.347676706994664,-14.70205434220796,-18.729405539980736,-20.83284282412268,-19.373145496116827,-17.350559652208233,-17.052637045042992,-24.62911560116564,-19.155884088712646,-18.822474036526685,-20.922824394759463,-22.51010797386096,-19.368361488985222,-18.6343921210027,0.2405857741832733,0.4516640305519104,0.8049473762512207,0.8517841100692749,0.9054250121116638,0.869488537311554,0.577464759349823,0.4767371714115143,0.2163043469190597,0.1546961367130279,0.1932536959648132,0.1358234286308288
66,rice,23.38178824772144,76.06314172193017,-7.1338281996081445,-12.98811767928203,-12.041195167087448,-11.369304061426364,-11.065573055574982,-11.051724573153397,-16.706613445582988,-13.47202597792693,-12.649089693020697,-10.83016949353576,-10.021549992052671,-12.350649381571008,-20.463690462302875,-23.017786333962803,-13.184183637210854,-14.87052056293132,-11.904683021101214,-15.341371115077685,-17.79124351397212,-16.581901922464162,-19.607022862373537,-26.1875154710307,-20.46564183468628,-20.95680230479956,0.201171875,0.7453135251998901,0.8773393630981445,0.8959306478500366,0.9041211009025574,0.8619283437728882,0.4368453621864319,0.3410271108150482,0.2372881323099136,0.1677336692810058,0.1785314977169037,0.1492204964160919
